Business Name,Phone,Website,Emails Found,Status
TRUSHINE WINDOW CLEANING COMPANY LTD | Houston,(832) 995-1117,https://trushinewindowcleaning.com/,"admin@trushinewindowcleaning.com, info@trushinewindowcleaning.com",found
Organic Green Window Clean,(281) 305-8093,https://clearlyog.com/,,no email on site
Squeegee Squad,(844) 448-0079,https://squeegeesquad.com/locations/houston-tx/,houston@squeegeesquad.com,found
Window Shine & Pressure Wash Co,(832) 932-6512,https://windowshinepressurewash.com/,,unreachable
"KTX Window Cleaning, LLC",(281) 881-0466,http://www.ktxwindowcleaning.com/,,no email on site
Suds Brothers Window Cleaning & Pressure Washing,(832) 586-8028,https://sudsbrotherswindowcleaning.com/,sudsbrotherswindowcleaning@gmail.com,found
"Texas Window Cleaning & Waterproofing Co., Inc.",(713) 522-5570,https://www.txwindow.com/,info@txwindow.com,found
Xpert Window Cleaning,(617) 987-7315,,,no website
Galen's Window Cleaning,(713) 208-7884,https://galenswindowcleaning.com/,,no email on site
Golden’s Pro-Wash & Windows,(713) 300-3055,https://www.goldens.biz/,jason@goldens.biz,found
Raz Cleaning LLC,(832) 299-2398,https://razcleaning.com/,"cespuzon0@gmail.com, contact@razcleaning.com",found
Aquanauts Window Cleaning and Pressure Washing,(281) 840-1465,https://aquanautsclean.com/,office@aquanautsclean.com,found
Clear Cleaning,(409) 292-6788,https://clearcleaningtx.com/,clearcleaningtx281@gmail.com,found
5 Star Exterior Solutions LLC,(832) 757-8267,,,no website
Geek Window Cleaning,(832) 323-3379,https://geekwindowcleaning.com/,info@geekwindowcleaning.com,found
Lighten Up Window Cleaning LLC,,https://lightenupwc.com/,,unreachable
Window Cleaning Company Houston,(832) 639-3434,https://windowcleaningcompanyhouston.com/,window@windowcleaningcompanyhouston.com,found
Kinda Nice,(832) 402-1742,https://kindaniceclean.com/,,unreachable
Cleaner Exteriors,(320) 429-0338,,,no website
HomeSmiles Pearland,(832) 675-9397,https://homesmiles.com/location/homesmiles-pearland/,ichen@homesmiles.com,found
LM Window Cleaning,(903) 265-9993,https://lmwindowcleaning.com/,,no email on site
Windows by Harold,(281) 223-8512,https://www.truvuewindowcleaning.com/,,no email on site
Window Genie of Clear Lake,(281) 898-6416,https://www.windowgenie.com/clearlake/?cid=LSTL_WDG000206&utm_source=gmb&utm_campaign=local&utm_medium=organic,,unreachable
C’s Exterior Cleaning Services,(832) 269-8099,https://csexteriorcleaningservices.netlify.app/,cstockwell07@icloud.com,found
Gulf Coast Pro Wash,(281) 965-2577,https://gulfcoastprowash.com/,gulfcoastprowash24@gmail.com,found
"Streamline Exterior Cleaning- Pressure Washing, Window Cleaning, & More",(832) 536-1099,https://streamlineexteriorcleaningtx.com/,streamlineexteriorcleaningtx@gmail.com,found
sunshine cleaning,(832) 436-7265,,,no website
A&M Window Cleaning,(713) 592-5233,http://www.a-and-m-windowcleaning.com/,,unreachable
Royal Touch Windows,(832) 778-7341,https://royaltouchwindows.com/,cassell.king@royaltouchwindows.com,found
Ross Cleaning Company,(713) 987-7718,https://www.ross-cleaning.com/,,no email on site
Space City Window Cleaning,(713) 829-6231,https://www.spacecitywindows.com/,kyle@spacecitywindowcleaning.com,found
Bellaire Pro Wash,(832) 430-2122,https://bellaireprowash.com/,bellaireprowash@gmail.com,found
Window Hero West Houston,(713) 263-6300,https://windowhero.com/locations/west-houston/?utm_source=gmb&utm_medium=gmb&utm_campaign=gmb&utm_id=gmb,westhouston@windowhero.com,found
Bright Brothers of Space City,(346) 551-3434,https://www.brightbrothersofspacecity.com/?utm_source=google&utm_medium=organic&utm_campaign=gmb-houston&utm_content=website&y_source=1_MjAxMjE0NzYyMS03MTUtbG9jYXRpb24ud2Vic2l0ZQ%3D%3D,,no email on site
Clean Concepts,(832) 934-4068,https://www.cleanconceptshtx.com/,kiong@cascadenational.net,found
Clear Perfection,(713) 460-0404,https://www.clearperfection.com/,,no email on site
Pro Clear,(832) 504-0283,https://proclear.setmore.com/,proclearexteriorservices@gmail.com,found
Inside Out Cleaning,(713) 254-0926,https://www.insideout-cleaning.com/,inside2outcleaning@gmail.com,found
Skyline Highrise Services,(832) 549-5295,https://skyline-highrise.com/,nic@skyline-highrise.com,found
"Houstonian Services, Inc.",(713) 344-4707,http://www.houstonianservicesinc.com/,,no email on site
Dirt to clean solutions,(713) 492-5900,,,no website
National Window Cleaning Inc.,(713) 527-8818,http://www.nationalwc.com/,contact@sansoxygen.com,found
Superior clean HTX LLC,(346) 446-0050,,,no website
Vanguard Window Washing,(713) 804-7884,https://vanguardwindowwashing.com/?utm_source=omg-gbp&utm_medium=webclick,vanguardwindowwashing.co@gmail.com,found
Houston Window Cleaning LLC,(713) 856-8830,http://www.hwctexas.com/,,no email on site
Impeccable Wash TX,(281) 716-2501,https://impeccablewashtx.com/,impeccable.washtx14@outlook.com,found
HTX Power Washing,,https://htxpowerwashing.com/,,no email on site
Handyhands Exteriors,(346) 800-2796,,,no website
Firehouse Window Cleaners,(580) 484-2973,,,no website
Total Cleaning Solutions,(832) 672-5313,https://www.totalcleaningus.com/,,no email on site
Fish Window Cleaning,(713) 461-3474,https://www.fishwindowcleaning.com/Houston-TX-619/,,no email on site
Fish Window Cleaning,(281) 243-4544,https://www.fishwindowcleaning.com/Houston-TX-3284/,,no email on site
Fish Window Cleaning,(281) 589-5566,https://www.fishwindowcleaning.com/Houston-TX-851/,,no email on site
Fish Window Cleaning,(281) 550-9444,https://www.fishwindowcleaning.com/Houston-TX-843/,,no email on site
Fish Window Cleaning,(281) 549-2161,https://www.fishwindowcleaning.com/Conroe-TX-3009/,,no email on site
Fish Window Cleaning,(281) 257-0600,https://www.fishwindowcleaning.com/Houston-TX-837/,,no email on site
Clear Horizons Window Cleaning & Pressure Washing,(713) 694-6369,https://www.kissyourglass.com/,clearhorizons@kissyourglass.com,found
Dream Clean Pressure Washing,(713) 489-1691,http://dreamcleanpressurewashing.com/,,no email on site
Truview,(832) 434-4281,http://www.truviewwindowcleaning.com/,truviewcleaning@gmail.com,found
Sunspot Services LLC,(832) 444-6744,https://www.sunspotservices.com/,sunspotservices@yahoo.com,found
Quality Window Cleaning - QWC LLC,(713) 907-4598,,,no website
Good Services Window Cleaning,(281) 260-7358,https://gswcleaning.wixsite.com/my-site-32527/services,goodserviceswindows@gmail.com,found
"Tino's Window Cleaning Service,LLC",(281) 441-3885,http://tinoswindowcleaningservicellc.com/,,unreachable
"PureView Window Cleaning | Katy, TX",(832) 977-5379,https://www.pureviewclean.com/?utm_source=google&utm_medium=organic&utm_campaign=gmb&utm_content=sitelink,,no email on site
Imperial Shine Windows,(713) 281-1653,https://imperialshinewindows.com/,info@imperialshinewindows.com,found
J&B Mobile Pressure Washing Service,(346) 288-9262,http://www.jbmobilepressurewashing.biz/,jbmobilepressurewashingservice@outlook.com,found
D & J's Pressure Washing And Window Cleaning Services,(409) 944-5317,http://www.pressurewashinghtx.com/,,unreachable
Windows of Heaven (Cleaning Services),(409) 939-6261,http://www.windowsofheavencleaningservice.blogspot.com/,,no email on site
Hummingbird Soft Washing,(832) 977-9743,,,no website
Everything Clean Cleaning Service,(832) 523-3941,https://www.facebook.com/share/18qjXSftyq/?mibextid=wwXIfr,,unreachable
S&E Pressure Washing LLC,(409) 740-7047,https://sepressurewashingtx.com/,,unreachable
Renewed Curb Appeal,(956) 243-7356,,,no website
B.A.M Pressure washing services,(409) 789-9446,,,no website
Wells Windows,(832) 589-0056,https://m.facebook.com/112639844005731/,,unreachable
Clean Verdict Cleaning Services,(409) 599-5697,https://www.cleanverdictllc.com/,cleanverdictllc@gmail.com,found
JOAT Pressure Washing & Lawn Care,(432) 310-4798,,,no website
Hermosa Cleaning Services,(832) 614-8432,,,no website
Ebenezer House Cleaning Service,(409) 354-5043,http://www.ebenezerhousecleaningservice.com/,,unreachable
GreaseKleen Pressure Washing,(713) 575-7392,https://greasekleenpressurewashing.com/,sales@greasekleenpressurewashing.com,found
All-In-One Pressure Washing Services LLC,(281) 393-7216,http://www.allinonepressurewashingservices.com/,,unreachable
Pro Wash & Striping LLC,(832) 202-9847,https://www.prowashstriping.com/,prowashstriping@gmail.com,found
Low Pressure Solutions,(281) 508-7729,http://lowpressuresolutionshtx.com/,info@lowpressuresolutionshtx.com,found
Bay Wash Pros,(832) 869-6698,,,no website
Roxana’s home cleaning service,(832) 602-0877,,,no website
Convenient Care Quality Service,,,,no website
Shine of Houston,(281) 615-8989,https://www.shine-windowcleaning.com/west-houston/,,no email on site
Mely´s Cleaning Service LLC,(281) 203-9203,,,no website
Here 2 clean,(346) 558-6192,https://www.here2cleanllc.com/,,no email on site
Arms Brothers Pressure Washing,(281) 818-3230,http://www.armsbrotherspressurewashing.com/,,unreachable
Affordable Pressure & Window Washing,(281) 745-4291,,,no website
FB Pressure Washing,(832) 865-2144,https://fbpressurewash.com/service-areas/brazoria-county-tx/pearland,fbpwllc@gmail.com,found
Gutter Cleaning & Repair Webster,(844) 242-9620,,,no website
League City Chimney & Gutter Cleaning,(832) 639-3744,https://texasroofingandguttersolutions.com/,,no email on site
Dane Industries LLC,(832) 867-6333,http://www.daneindustriesllc.com/,sales@daneindustriesllc.com,found
"NOVA Cleaning | Katy, TX",,https://www.novawindowcleaning.org/,"info@readykleenpowerwashing.com, novawindowcleaning1@gmail.com",found
Katy Window Cleaning,(312) 757-0481,https://www.katytexaswindowcleaning.com/?utm_source=google&utm_medium=wix_google_business_profile&utm_campaign=6593220950249730056,simon@katytexaswindowcleaning.com,found
Dean of Clean,(713) 585-6057,https://www.deanofclean.biz/,dean@deanofclean.biz,found
BIG3 Window Cleaning,(832) 308-0468,http://big3llc.com/,big3htx@gmail.com,found
Exterior Power Washing Solutions LLC,(832) 821-6705,,,no website
Salty Sea Pressure Washing,(979) 239-8512,http://www.saltyseawashing.com/,saltyseawashing@gmail.com,found
Neighbor Services Company,(346) 772-7015,http://www.neighborservicesco.com/,neighborservicesco@gmail.com,found
American Pressure Solutions,(713) 303-4136,https://harriscountypowerwashing.com/,,no email on site
Next Generation Pressure Washing,(281) 414-7228,,,no website
JRR Service Cleaning,(832) 597-2114,,,no website
Jack's Window Detailing,(713) 261-7514,https://www.jackswindowdetailing.com/,,unreachable
Better View Services,(832) 795-1202,https://betterviewhouston.com/,betterviewservices@gmail.com,found
Sunny Day Home Services,(281) 923-6544,https://www.sunnydayhomeservicesusa.com/#new-menu-item,,no email on site
Moses Window Cleaning,(281) 579-8565,,,no website
Double Tap Pressure Washing,(346) 847-2591,https://doubletappw.com/,doubletappw@gmail.com,found
Keepers Cleaning Service,(346) 757-3494,,,no website
Gutter Cleaning & Repair Highlands,(832) 856-7038,,,no website
